place_id,name,is_spending_on_ads,reviews,can_claim,emails,phones,linkedin,twitter,facebook,youtube,instagram,main_category,categories,rating,address,link
ChIJjTVgsZabTDAR6-U-JJ8hj-Y,Restoran Api Api Ikan Bakar,FALSE,2265,FALSE,Provide API Key,Provide API Key,Provide API Key,Provide API Key,Provide API Key,Provide API Key,Provide API Key,Seafood restaurant,Seafood restaurant,4.3,"Restoran Api Api Ikan Bakar, Jalan Dato Ali, Bukit Tok Po, 02000 Kuala Perlis, Perlis",https://www.google.com/maps/place/Restoran+Api+Api+Ikan+Bakar/data=!4m7!3m6!1s0x304c9b96b160358d:0xe68f219f243ee5eb!8m2!3d6.4084674!4d100.1413646!16s%2Fg%2F11bwsmmqpd!19sChIJjTVgsZabTDAR6-U-JJ8hj-Y?authuser=0&hl=en&rclk=1
ChIJ556mrCaaTDARkPwRivlgYsQ,Warung Tepi Sawah 2769,FALSE,1672,FALSE,Provide API Key,Provide API Key,Provide API Key,Provide API Key,Provide API Key,Provide API Key,Provide API Key,Restaurant,Restaurant,4.2,"Warung Tepi Sawah 2769, Kg Bohor Janggus, 01000 Kangar, Perlis",https://www.google.com/maps/place/Warung+Tepi+Sawah+2769/data=!4m7!3m6!1s0x304c9a26aca69ee7:0xc46260f98a11fc90!8m2!3d6.4496424!4d100.1650457!16s%2Fg%2F11f3263sby!19sChIJ556mrCaaTDARkPwRivlgYsQ?authuser=0&hl=en&rclk=1
ChIJ95T_kIObTDARPPyonBPvE9w,Hai Thien Seafood Restaurant Hai Tian Hai Xian ,FALSE,1506,FALSE,Provide API Key,Provide API Key,Provide API Key,Provide API Key,Provide API Key,Provide API Key,Provide API Key,Seafood restaurant,Seafood restaurant,4.3,"Hai Thien Seafood Restaurant Hai Tian Hai Xian , Jalab Jeti Baru, 02000 Kuala Perlis, Perlis",https://www.google.com/maps/place/Hai+Thien+Seafood+Restaurant+%E6%B5%B7%E5%A4%A9%E6%B5%B7%E9%B2%9C/data=!4m7!3m6!1s0x304c9b8390ff94f7:0xdc13ef139ca8fc3c!8m2!3d6.3943201!4d100.1293651!16s%2Fg%2F1232ncjyp!19sChIJ95T_kIObTDARPPyonBPvE9w?authuser=0&hl=en&rclk=1
ChIJA6Tg97CZTDARrLf_05XOSZQ,Chortiez & Co,FALSE,1284,FALSE,Provide API Key,Provide API Key,Provide API Key,Provide API Key,Provide API Key,Provide API Key,Provide API Key,Restaurant,"Restaurant, Beverage distributor, Cafe, Live music venue, Steak house",4.4,"Chortiez & Co, 5, Jalan Sena Indah, Taman Sena Indah, 01000 Kangar, Perlis",https://www.google.com/maps/place/Chortiez+%26+Co/data=!4m7!3m6!1s0x304c99b0f7e0a403:0x9449ce95d3ffb7ac!8m2!3d6.4464095!4d100.2057556!16s%2Fg%2F11c5bl94gh!19sChIJA6Tg97CZTDARrLf_05XOSZQ?authuser=0&hl=en&rclk=1
ChIJkfHPor-ZTDARFkESFovQjUc,Restoran Suri Masakan Melayu Asli,FALSE,1037,TRUE,Provide API Key,Provide API Key,Provide API Key,Provide API Key,Provide API Key,Provide API Key,Provide API Key,Malay Restaurant,Malay Restaurant,4.5,"Restoran Suri Masakan Melayu Asli, Jalan Kampung Pondok, Kampung Pondok, 01000 Kangar, Perlis",https://www.google.com/maps/place/Restoran+Suri+Masakan+Melayu+Asli/data=!4m7!3m6!1s0x304c99bfa2cff191:0x478dd08b16124116!8m2!3d6.4526997!4d100.1946724!16s%2Fg%2F11b72btj2w!19sChIJkfHPor-ZTDARFkESFovQjUc?authuser=0&hl=en&rclk=1
ChIJ_TVumKiZTDARkz-KKzf0T2E,Tff Cafe,FALSE,937,FALSE,Provide API Key,Provide API Key,Provide API Key,Provide API Key,Provide API Key,Provide API Key,Provide API Key,Cafe,Cafe,4.5,"Tff Cafe, Jalan Dahlia, Taman Ira, 01000 Kangar, Perlis",https://www.google.com/maps/place/Tff+Cafe/data=!4m7!3m6!1s0x304c99a8986e35fd:0x614ff4372b8a3f93!8m2!3d6.4367587!4d100.2046924!16s%2Fg%2F11c6zpmpq8!19sChIJ_TVumKiZTDARkz-KKzf0T2E?authuser=0&hl=en&rclk=1
ChIJVXZuWISZTDARgxzPRkmkMt0,Capati Labu Sayong & Nasi Gulai Panas,FALSE,737,TRUE,Provide API Key,Provide API Key,Provide API Key,Provide API Key,Provide API Key,Provide API Key,Provide API Key,Restaurant,Restaurant,4.2,"Capati Labu Sayong & Nasi Gulai Panas, 26, Jalan Raja Syed Saffi, Kampung Bintong, 01000 Kangar, Perlis",https://www.google.com/maps/place/Capati+Labu+Sayong+%26+Nasi+Gulai+Panas/data=!4m7!3m6!1s0x304c9984586e7655:0xdd32a44946cf1c83!8m2!3d6.4408876!4d100.1789004!16s%2Fg%2F11bxfydl95!19sChIJVXZuWISZTDARgxzPRkmkMt0?authuser=0&hl=en&rclk=1
ChIJ9y8Ruf-YTDARnp8C3tBr1so,Dunia Yong Tau Foo Jalanan,FALSE,729,TRUE,Provide API Key,Provide API Key,Provide API Key,Provide API Key,Provide API Key,Provide API Key,Provide API Key,Restaurant,Restaurant,4,"Dunia Yong Tau Foo Jalanan, Kampung Padang Behor, 01000 Kangar, Perlis",https://www.google.com/maps/place/Dunia+Yong+Tau+Foo+Jalanan/data=!4m7!3m6!1s0x304c98ffb9112ff7:0xcad66bd0de029f9e!8m2!3d6.4310834!4d100.216775!16s%2Fg%2F11b6jb36lv!19sChIJ9y8Ruf-YTDARnp8C3tBr1so?authuser=0&hl=en&rclk=1
ChIJo_mrMKCZTDARUnQ0fp90i5M,Pizza Hut Restaurant Kangar,FALSE,618,FALSE,Provide API Key,Provide API Key,Provide API Key,Provide API Key,Provide API Key,Provide API Key,Provide API Key,Pizza restaurant,"Pizza restaurant, Fast food restaurant",4,"First Floor, Pizza Hut Restaurant Kangar, No. 26 & 28, Kanger, Jalan Bukit Lagi, 01000 Kangar, Perlis",https://www.google.com/maps/place/Pizza+Hut+Restaurant+Kangar/data=!4m7!3m6!1s0x304c99a030abf9a3:0x938b749f7e347452!8m2!3d6.435332!4d100.193754!16s%2Fg%2F1hc4wpvq8!19sChIJo_mrMKCZTDARUnQ0fp90i5M?authuser=0&hl=en&rclk=1
ChIJ9_mHRgCYTDARZHbGp16eHPA,Pokok Sawa,FALSE,561,FALSE,Provide API Key,Provide API Key,Provide API Key,Provide API Key,Provide API Key,Provide API Key,Provide API Key,Asian restaurant,"Asian restaurant, Malay Restaurant, Southeast Asian restaurant",4.2,"Pokok Sawa, Kampung Kersik, Kampung Mata Ayer, 02500 Kangar, Perlis",https://www.google.com/maps/place/Pokok+Sawa/data=!4m7!3m6!1s0x304c98004687f9f7:0xf01c9e5ea7c67664!8m2!3d6.4724562!4d100.2580339!16s%2Fg%2F1v0bw1fk!19sChIJ9_mHRgCYTDARZHbGp16eHPA?authuser=0&hl=en&rclk=1
ChIJ_6bvtt2ZTDARSmZmDawdBAs,Bossku House,FALSE,485,TRUE,Provide API Key,Provide API Key,Provide API Key,Provide API Key,Provide API Key,Provide API Key,Provide API Key,Restaurant,Restaurant,4.1,"Bossku House, Jalan, Persiaran Jubli Emas, Taman Pekeliling, 01000 Kangar, Perlis",https://www.google.com/maps/place/Bossku+House/data=!4m7!3m6!1s0x304c99ddb6efa6ff:0xb041dac0d66664a!8m2!3d6.4440036!4d100.2043445!16s%2Fg%2F11g3ty9dd8!19sChIJ_6bvtt2ZTDARSmZmDawdBAs?authuser=0&hl=en&rclk=1
ChIJpfXwTBeZTDARFBtuAKyWpcI,Koffee Kitchen,FALSE,377,FALSE,Provide API Key,Provide API Key,Provide API Key,Provide API Key,Provide API Key,Provide API Key,Provide API Key,Cafe,Cafe,4.4,"Koffee Kitchen, 27, Exit Jalan Raja Syed Alwi, Kampung Guar Syed Alwi, 01000 Kangar, Perlis",https://www.google.com/maps/place/Koffee+Kitchen/data=!4m7!3m6!1s0x304c99174cf0f5a5:0xc2a596ac006e1b14!8m2!3d6.4172753!4d100.2030218!16s%2Fg%2F11c4688mk5!19sChIJpfXwTBeZTDARFBtuAKyWpcI?authuser=0&hl=en&rclk=1
ChIJAaQwctWZTDARTEJniM2R5n0,Restoran Sarang Burung,FALSE,357,TRUE,Provide API Key,Provide API Key,Provide API Key,Provide API Key,Provide API Key,Provide API Key,Provide API Key,Malay Restaurant,Malay Restaurant,4.3,"Restoran Sarang Burung, 512, Jalan Kaki Bukit, Kampung Batu Dua, 01000 Kangar, Perlis",https://www.google.com/maps/place/Restoran+Sarang+Burung/data=!4m7!3m6!1s0x304c99d57230a401:0x7de691cd8867424c!8m2!3d6.4761163!4d100.2132251!16s%2Fg%2F1pv0rjbdr!19sChIJAaQwctWZTDARTEJniM2R5n0?authuser=0&hl=en&rclk=1
ChIJ8__293icTDARdKTPR3i7GE4,Warung Ikan Bakar 3557 & Western Food,FALSE,274,TRUE,Provide API Key,Provide API Key,Provide API Key,Provide API Key,Provide API Key,Provide API Key,Provide API Key,Restaurant,Restaurant,3.8,"Warung Ikan Bakar 3557 & Western Food, Pekan Kuala Perlis, 02000 Kuala Perlis, Perlis",https://www.google.com/maps/place/Warung+Ikan+Bakar+3557+%26+Western+Food/data=!4m7!3m6!1s0x304c9c78f7f6fff3:0x4e18bb7847cfa474!8m2!3d6.3905718!4d100.1338614!16s%2Fg%2F11dym43kq4!19sChIJ8__293icTDARdKTPR3i7GE4?authuser=0&hl=en&rclk=1
ChIJ94AHIvyiTDARzXaQNrDUMII,Restoran Sri Pauh,FALSE,264,FALSE,Provide API Key,Provide API Key,Provide API Key,Provide API Key,Provide API Key,Provide API Key,Provide API Key,Malay Restaurant,"Malay Restaurant, Asian fusion restaurant, Fast food restaurant",4.1,"Restoran Sri Pauh, 211, Jln Pauh Tmn Muda Asas, Pauh, 02600 Arau, Perlis",https://www.google.com/maps/place/Restoran+Sri+Pauh/data=!4m7!3m6!1s0x304ca2fc220780f7:0x8230d4b0369076cd!8m2!3d6.4356164!4d100.3004214!16s%2Fg%2F1q62dlmqt!19sChIJ94AHIvyiTDARzXaQNrDUMII?authuser=0&hl=en&rclk=1
ChIJ8yrWxQ6ZTDARreovWa-AFOM,Restoran Arrowana,FALSE,252,FALSE,Provide API Key,Provide API Key,Provide API Key,Provide API Key,Provide API Key,Provide API Key,Provide API Key,Restaurant,Restaurant,4,"Restoran Arrowana, 25, Lorong Dua, Taman Perlis, 01000 Kangar, Perlis",https://www.google.com/maps/place/Restoran+Arrowana/data=!4m7!3m6!1s0x304c990ec5d62af3:0xe31480af592feaad!8m2!3d6.4271143!4d100.2000005!16s%2Fg%2F1hg4_3csd!19sChIJ8yrWxQ6ZTDARreovWa-AFOM?authuser=0&hl=en&rclk=1
ChIJL7JQQLaZTDARQw8W1sSEQAI,Mai Cafe,FALSE,226,TRUE,Provide API Key,Provide API Key,Provide API Key,Provide API Key,Provide API Key,Provide API Key,Provide API Key,Restaurant,Restaurant,4,"Mai Cafe, No.10 Komplek Perniagaan Masjid Persiaran Tuanku Syed Putra, Jalan Kaki Bukit, 01000 Kangar, Perlis",https://www.google.com/maps/place/Mai+Cafe/data=!4m7!3m6!1s0x304c99b64050b22f:0x24084c4d6160f43!8m2!3d6.4518944!4d100.2087212!16s%2Fg%2F1232t99tf!19sChIJL7JQQLaZTDARQw8W1sSEQAI?authuser=0&hl=en&rclk=1
ChIJ_f7DcDGYTDARKFEFifCVM8c,Lapaq Cafe & Space,FALSE,223,FALSE,Provide API Key,Provide API Key,Provide API Key,Provide API Key,Provide API Key,Provide API Key,Provide API Key,Restaurant,"Restaurant, Cafe",4.2,"Lapaq Cafe & Space, No. 8, Jalan Santan, Taman Putera Putri, 01000 Kangar, Perlis",https://www.google.com/maps/place/Lapaq+Cafe+%26+Space/data=!4m7!3m6!1s0x304c983170c3fefd:0xc73395f089055128!8m2!3d6.447639!4d100.2124773!16s%2Fg%2F11fxz9rk8v!19sChIJ_f7DcDGYTDARKFEFifCVM8c?authuser=0&hl=en&rclk=1
ChIJHXDAeweZTDARydLhwzpEik8,Big Tree Western Court,FALSE,172,FALSE,Provide API Key,Provide API Key,Provide API Key,Provide API Key,Provide API Key,Provide API Key,Provide API Key,Restaurant,Restaurant,3.2,"Big Tree Western Court, Jambatan, Jalan Dato Wan Ahmad, Kampung Pengkalan Asam, 01000 Kangar, Perlis",https://www.google.com/maps/place/Big+Tree+Western+Court/data=!4m7!3m6!1s0x304c99077bc0701d:0x4f8a443ac3e1d2c9!8m2!3d6.4346756!4d100.1861905!16s%2Fg%2F11j1_r98q4!19sChIJHXDAeweZTDARydLhwzpEik8?authuser=0&hl=en&rclk=1
ChIJO9JU6LqZTDARmumUlCm3cdY,Bolehja Kitchen,FALSE,96,FALSE,Provide API Key,Provide API Key,Provide API Key,Provide API Key,Provide API Key,Provide API Key,Provide API Key,Restaurant,Restaurant,4.6,"Bolehja Kitchen, PT 231-1 Jalan ke Titi Teras Kg, 01000 Kangar, Perlis",https://www.google.com/maps/place/Bolehja+Kitchen/data=!4m7!3m6!1s0x304c99bae854d23b:0xd671b7299494e99a!8m2!3d6.497236!4d100.2085351!16s%2Fg%2F11gy0g0g3r!19sChIJO9JU6LqZTDARmumUlCm3cdY?authuser=0&hl=en&rclk=1
ChIJ-RbA4haZTDARihQRyH5O-VU,Jamiran's Cafe,FALSE,92,FALSE,Provide API Key,Provide API Key,Provide API Key,Provide API Key,Provide API Key,Provide API Key,Provide API Key,Asian restaurant,Asian restaurant,4.5,"Jamiran's Cafe, Kedai Makan Ishak Daud, Lot 5330, Jln Guar Syed Alwi, Kampung Guar Syed Alwi, 01000 Kangar, Perlis",https://www.google.com/maps/place/Jamiran%27s+Cafe/data=!4m7!3m6!1s0x304c9916e2c016f9:0x55f94e7ec811148a!8m2!3d6.4157904!4d100.2019302!16s%2Fg%2F11bzs20m04!19sChIJ-RbA4haZTDARihQRyH5O-VU?authuser=0&hl=en&rclk=1
ChIJd4yZ_LyXTDARtFo0IFJKEUQ,Rumah Makan Cafe,FALSE,85,FALSE,Provide API Key,Provide API Key,Provide API Key,Provide API Key,Provide API Key,Provide API Key,Provide API Key,Restaurant,Restaurant,4.2,"Rumah Makan Cafe, Lot 1170, Jalan Kaki Bukit, Kampung Paya, 01000 Kangar, Perlis",https://www.google.com/maps/place/Rumah+Makan+Cafe/data=!4m7!3m6!1s0x304c97bcfc998c77:0x44114a5220345ab4!8m2!3d6.4925787!4d100.2194903!16s%2Fg%2F11kd5qx48x!19sChIJd4yZ_LyXTDARtFo0IFJKEUQ?authuser=0&hl=en&rclk=1
ChIJ4RZwg_6iTDAR1zl9W7Li9Xc,An Ke An Di Cha Can Shi ,FALSE,77,TRUE,Provide API Key,Provide API Key,Provide API Key,Provide API Key,Provide API Key,Provide API Key,Provide API Key,Restaurant,Restaurant,4.3,"An Ke An Di Cha Can Shi , Pauh, 02600 Arau, Perlis",https://www.google.com/maps/place/%E5%AE%89%E5%8F%AF%E5%AE%89%E5%A8%A3%E8%8C%B6%E9%A4%90%E5%AE%A4/data=!4m7!3m6!1s0x304ca2fe837016e1:0x77f5e2b25b7d39d7!8m2!3d6.4361397!4d100.3015635!16s%2Fg%2F11dxl6vz_z!19sChIJ4RZwg_6iTDAR1zl9W7Li9Xc?authuser=0&hl=en&rclk=1
ChIJkacAQ6eZTDAR5D5MihUoswM,Blanja Cafe 2,FALSE,55,FALSE,Provide API Key,Provide API Key,Provide API Key,Provide API Key,Provide API Key,Provide API Key,Provide API Key,Korean restaurant,"Korean restaurant, Nasi restaurant",4.1,"Blanja Cafe 2, No.18, taman pertiwi indah, Kampung Seriap, 01000 Kangar, Perlis",https://www.google.com/maps/place/Blanja+Cafe+2/data=!4m7!3m6!1s0x304c99a74300a791:0x3b328158a4c3ee4!8m2!3d6.4150607!4d100.1826417!16s%2Fg%2F11q3rj5tx1!19sChIJkacAQ6eZTDAR5D5MihUoswM?authuser=0&hl=en&rclk=1
ChIJi_oxl-mZTDARjT-zBCPzbeg,PORT Kitchen,FALSE,48,FALSE,Provide API Key,Provide API Key,Provide API Key,Provide API Key,Provide API Key,Provide API Key,Provide API Key,Korean restaurant,Korean restaurant,3.8,"PORT Kitchen, 1, Jalan 11, Jalan Raja Muda, Taman Aman, 01000 Kangar, Perlis",https://www.google.com/maps/place/PORT+Kitchen/data=!4m7!3m6!1s0x304c99e99731fa8b:0xe86df32304b33f8d!8m2!3d6.4477466!4d100.1809772!16s%2Fg%2F11h4tn0d82!19sChIJi_oxl-mZTDARjT-zBCPzbeg?authuser=0&hl=en&rclk=1
ChIJL_QTJi6ZTDAR0IQCLG2bOlw,BengLaksa Perlis,FALSE,35,FALSE,Provide API Key,Provide API Key,Provide API Key,Provide API Key,Provide API Key,Provide API Key,Provide API Key,Restaurant,Restaurant,4.8,"BengLaksa Perlis, 145, Jalan Raja Syed Alwi, Taman Perlis, 01000 Kangar, Perlis",https://www.google.com/maps/place/BengLaksa+Perlis/data=!4m7!3m6!1s0x304c992e2613f42f:0x5c3a9b6d2c0284d0!8m2!3d6.4262554!4d100.1970941!16s%2Fg%2F11ny3qw56t!19sChIJL_QTJi6ZTDAR0IQCLG2bOlw?authuser=0&hl=en&rclk=1
ChIJcWnSJc-bTDARznFqLiUS1fQ,Khalipah Cafe,FALSE,32,FALSE,Provide API Key,Provide API Key,Provide API Key,Provide API Key,Provide API Key,Provide API Key,Provide API Key,Restaurant,Restaurant,3.9,"Khalipah Cafe, Lot 99, Taman Semarak, 02000 Kuala Perlis, Perlis",https://www.google.com/maps/place/Khalipah+Cafe/data=!4m7!3m6!1s0x304c9bcf25d26971:0xf4d512252e6a71ce!8m2!3d6.3958356!4d100.1436432!16s%2Fg%2F11nnlfcwmc!19sChIJcWnSJc-bTDARznFqLiUS1fQ?authuser=0&hl=en&rclk=1
ChIJ1-pggo2ZTDARctiRfLSeTb4,D Buluh Perindu Empire Restaurant,FALSE,25,TRUE,Provide API Key,Provide API Key,Provide API Key,Provide API Key,Provide API Key,Provide API Key,Provide API Key,Restaurant,"Restaurant, Family restaurant",4.2,"D Buluh Perindu Empire Restaurant, Lot 2413, Kampung Batu Hampar, 01000 Kangar, Perlis",https://www.google.com/maps/place/D+Buluh+Perindu+Empire+Restaurant/data=!4m7!3m6!1s0x304c998d8260ead7:0xbe4d9eb47c91d872!8m2!3d6.4145808!4d100.1856931!16s%2Fg%2F11lh6gy3bp!19sChIJ1-pggo2ZTDARctiRfLSeTb4?authuser=0&hl=en&rclk=1
ChIJR4HZ1USXTDARzqYde_hq3X4,De Santan Cafe,FALSE,19,FALSE,Provide API Key,Provide API Key,Provide API Key,Provide API Key,Provide API Key,Provide API Key,Provide API Key,Western restaurant,Western restaurant,4.4,"De Santan Cafe, Kampung Padang, 01000 Kangar, Perlis",https://www.google.com/maps/place/De+Santan+Cafe/data=!4m7!3m6!1s0x304c9744d5d98147:0x7edd6af87b1da6ce!8m2!3d6.4763209!4d100.2308189!16s%2Fg%2F11ncmg_lxn!19sChIJR4HZ1USXTDARzqYde_hq3X4?authuser=0&hl=en&rclk=1
ChIJYcwYHGiYTDARxMx_A0jNZMo,Azylia Cafe Food Delivery Jejawi Perlis,FALSE,15,TRUE,Provide API Key,Provide API Key,Provide API Key,Provide API Key,Provide API Key,Provide API Key,Provide API Key,Cafe,"Cafe, Malay Restaurant",3.6,"Azylia Cafe Food Delivery Jejawi Perlis, Hadapan ECO RM2 A16-A18 02600, Persiaran Jubli Emas, Kampung Behor Pisang, 02600 Kangar, Perlis",https://www.google.com/maps/place/Azylia+Cafe+Food+Delivery+Jejawi+Perlis/data=!4m7!3m6!1s0x304c98681c18cc61:0xca64cd48037fccc4!8m2!3d6.4444134!4d100.2377718!16s%2Fg%2F11clyzvkj4!19sChIJYcwYHGiYTDARxMx_A0jNZMo?authuser=0&hl=en&rclk=1
ChIJ64mAfYibTDARyOsqKUf0YWg,Maison Fusion Delights,FALSE,15,TRUE,Provide API Key,Provide API Key,Provide API Key,Provide API Key,Provide API Key,Provide API Key,Provide API Key,Western restaurant,Western restaurant,3.9,"Maison Fusion Delights, Batu 6 3/4 Kuala Perlis, Pekan Kuala Perlis, 02000 Kangar, Perlis",https://www.google.com/maps/place/Maison+Fusion+Delights/data=!4m7!3m6!1s0x304c9b887d8089eb:0x6861f447292aebc8!8m2!3d6.3951226!4d100.137186!16s%2Fg%2F11f1275bm2!19sChIJ64mAfYibTDARyOsqKUf0YWg?authuser=0&hl=en&rclk=1
ChIJ2_XmzrqZTDARpe1_-f0tCj8,Mums Yeyish Cafe,FALSE,8,FALSE,Provide API Key,Provide API Key,Provide API Key,Provide API Key,Provide API Key,Provide API Key,Provide API Key,Cafe,"Cafe, Dessert restaurant",4.5,"Mums Yeyish Cafe, Mums Yeyish Cafe Laytac Auto Sdn Bhd, 1, Persiaran Jubli Emas, Jalan Kangar, 01000 Kangar, Perlis",https://www.google.com/maps/place/Mums+Yeyish+Cafe/data=!4m7!3m6!1s0x304c99bacee6f5db:0x3f0a2dfdf97feda5!8m2!3d6.4374652!4d100.1917401!16s%2Fg%2F11j0qcl1mj!19sChIJ2_XmzrqZTDARpe1_-f0tCj8?authuser=0&hl=en&rclk=1
ChIJT6aQloOZTDAR5-UELKnr-Ww,The Houze Cafe,FALSE,6,TRUE,Provide API Key,Provide API Key,Provide API Key,Provide API Key,Provide API Key,Provide API Key,Provide API Key,Western restaurant,Western restaurant,4.8,"The Houze Cafe, No 3, Jalan Serunai, Pusat Bandar Kangar, 01000 Kangar, Perlis",https://www.google.com/maps/place/The+Houze+Cafe/data=!4m7!3m6!1s0x304c99839690a64f:0x6cf9eba92c04e5e7!8m2!3d6.4366944!4d100.1937183!16s%2Fg%2F11v5wm39mh!19sChIJT6aQloOZTDAR5-UELKnr-Ww?authuser=0&hl=en&rclk=1
ChIJHR5ecc2ZTDAROR-4hzMKtUE,Tapak@Kangar,FALSE,4,FALSE,Provide API Key,Provide API Key,Provide API Key,Provide API Key,Provide API Key,Provide API Key,Provide API Key,Restaurant,"Restaurant, Asian restaurant",5,"Tapak@Kangar, Km2, Jalan Kaki Bukit, Kampung Baharu, 01000 Kangar, Perlis",https://www.google.com/maps/place/Tapak@Kangar/data=!4m7!3m6!1s0x304c99cd715e1e1d:0x41b50a3387b81f39!8m2!3d6.4542941!4d100.2065301!16s%2Fg%2F11rwvrlw24!19sChIJHR5ecc2ZTDAROR-4hzMKtUE?authuser=0&hl=en&rclk=1
ChIJtfMUS_6YTDARxEs8tjLhvAg,Anjung Keli,FALSE,2457,FALSE,,,,,,,,Malay Restaurant,Malay Restaurant,4.4,"Anjung Keli, Medan Sri Pulai,, Jalan Behor Pulai, 01000 Kangar, Perlis",https://www.google.com/maps/place/Anjung+Keli/data=!4m7!3m6!1s0x304c98fe4b14f3b5:0x8bce132b63c4bc4!8m2!3d6.429817!4d100.2169813!16s%2Fg%2F1tkrcbmh!19sChIJtfMUS_6YTDARxEs8tjLhvAg?authuser=0&hl=en&rclk=1
ChIJKUh5RmOiTDART_LUKyslU6E,Nasi Kandar Yasmeen Arau,FALSE,2009,TRUE,,,,,,,,Indian Muslim restaurant,Indian Muslim restaurant,4.1,"Nasi Kandar Yasmeen Arau, Bandar Diraja, 02600 Arau, Perlis",https://www.google.com/maps/place/Nasi+Kandar+Yasmeen+Arau/data=!4m7!3m6!1s0x304ca26346794829:0xa153252b2bd4f24f!8m2!3d6.4276352!4d100.2723657!16s%2Fg%2F11bwm3slpx!19sChIJKUh5RmOiTDART_LUKyslU6E?authuser=0&hl=en&rclk=1
ChIJSS-Gm4abTDARQBJkY9DcN0c,Restaurant Kak Su Laksa,FALSE,1436,FALSE,,,,,,,,Restaurant,Restaurant,4,"Restaurant Kak Su Laksa, 97,Lorong Siakap 1, Jalan Kuala Perlis, 02000 Kuala Perlis, Perlis",https://www.google.com/maps/place/Restaurant+Kak+Su+Laksa/data=!4m7!3m6!1s0x304c9b869b862f49:0x4737dcd063641240!8m2!3d6.397484!4d100.1326286!16s%2Fg%2F12qfhrd24!19sChIJSS-Gm4abTDARQBJkY9DcN0c?authuser=0&hl=en&rclk=1
ChIJo8bkzC6aTDAReTlkOn9CdVA,Ana Burger D' Cafe,FALSE,1348,TRUE,,,,,,,,Restaurant,"Restaurant, Cafe",4,"Ana Burger D' Cafe, Jalan Raja Syed Saffi, Kampung Jarak, 01000 Kangar, Perlis",https://www.google.com/maps/place/Ana+Burger+D%E2%80%99+Cafe/data=!4m7!3m6!1s0x304c9a2ecce4c6a3:0x5075427f3a643979!8m2!3d6.440735!4d100.1645945!16s%2Fg%2F11bw1w9yzf!19sChIJo8bkzC6aTDAReTlkOn9CdVA?authuser=0&hl=en&rclk=1
ChIJQXz41FOZTDAR0AjcoWRjhkQ,Restoran Mee Zdin,FALSE,672,TRUE,,,,,,,,Noodle shop,"Noodle shop, Breakfast restaurant",4.4,"Restoran Mee Zdin, Depan sek ren kayang bohor lateh(jalan lama ke, Kuala Perlis",https://www.google.com/maps/place/Restoran+Mee+Zdin/data=!4m7!3m6!1s0x304c9953d4f87c41:0x44866364a1dc08d0!8m2!3d6.3962271!4d100.1783447!16s%2Fg%2F11c3k2w5bh!19sChIJQXz41FOZTDAR0AjcoWRjhkQ?authuser=0&hl=en&rclk=1
ChIJAW3Q6ISbTDARDmmu_18V_Wg,Restoran Nelayan,FALSE,615,TRUE,,,,,,,,Seafood restaurant,"Seafood restaurant, Restaurant",3.4,"Restoran Nelayan, Pekan Kuala Perlis, 02000 Kuala Perlis, Perlis",https://www.google.com/maps/place/Restoran+Nelayan/data=!4m7!3m6!1s0x304c9b84e8d06d01:0x68fd155fffae690e!8m2!3d6.4014668!4d100.1329806!16s%2Fg%2F1hc28_nyx!19sChIJAW3Q6ISbTDARDmmu_18V_Wg?authuser=0&hl=en&rclk=1
ChIJHVxGe5mXTDARqxaWFkjqmNQ,Ngulang Kopitiam,FALSE,503,FALSE,,,,,,,,Family restaurant,Family restaurant,4,"Ngulang Kopitiam, 410, Jalan Jejawi-Tok Kayaman, 01000 Kangar, Perlis",https://www.google.com/maps/place/Ngulang+Kopitiam/data=!4m7!3m6!1s0x304c97997b465c1d:0xd498ea48169616ab!8m2!3d6.4824303!4d100.2478131!16s%2Fg%2F11rncpvvtr!19sChIJHVxGe5mXTDARqxaWFkjqmNQ?authuser=0&hl=en&rclk=1
ChIJg4T5_oCbTDARHNtgDPyEJ0w,LIZAMAT IKAN BAKAR KOLA,FALSE,460,FALSE,,,,,,,,Restaurant,Restaurant,4,"LIZAMAT IKAN BAKAR KOLA, LOT 7 & 8, KOMPLEKS MAKANAN LAUT (KOMALAUT), JALAN KUALA PERLIS,, Jalan Kuala Perlis, Pekan Kuala Perlis, 02000 Kuala Perlis, Perlis",https://www.google.com/maps/place/LIZAMAT+IKAN+BAKAR+KOLA/data=!4m7!3m6!1s0x304c9b80fef98483:0x4c2784fc0c60db1c!8m2!3d6.3943723!4d100.1305179!16s%2Fg%2F11clw31tkq!19sChIJg4T5_oCbTDARHNtgDPyEJ0w?authuser=0&hl=en&rclk=1
ChIJw3b_r7eZTDAR_1CFCOFvATw,Anissa Kitchen,FALSE,408,FALSE,,,,,,,,Restaurant,Restaurant,3.9,"Anissa Kitchen, Persiaran Budi, Jalan Kaki Bukit, Taman Guru Jaya, 01000 Kangar, Perlis",https://www.google.com/maps/place/Anissa+Kitchen/data=!4m7!3m6!1s0x304c99b7afff76c3:0x3c016fe1088550ff!8m2!3d6.4520039!4d100.2057467!16s%2Fg%2F11d_tl18p7!19sChIJw3b_r7eZTDAR_1CFCOFvATw?authuser=0&hl=en&rclk=1
ChIJtUfe7qOZTDARu0VQTvhnLpY,Restoran Maju Ahammad,FALSE,387,TRUE,,,,,,,,Restaurant,Restaurant,3.5,"Restoran Maju Ahammad, Lorong Pokok Sena, Kampung Tok Peduka, 01000 Kangar, Perlis",https://www.google.com/maps/place/Restoran+Maju+Ahammad/data=!4m7!3m6!1s0x304c99a3eede47b5:0x962e67f84e5045bb!8m2!3d6.4393654!4d100.1973738!16s%2Fg%2F11cjhqxj7y!19sChIJtUfe7qOZTDARu0VQTvhnLpY?authuser=0&hl=en&rclk=1
ChIJSS4edrGZTDARdXFmpQx3pcw,Bomaq Cafe,FALSE,312,TRUE,,,,,,,,Bistro,Bistro,4.1,"Bomaq Cafe, 130, Persiaran Jubli Emas, Perlis, Malaysia, 01000 Kangar",https://www.google.com/maps/place/Bomaq+Cafe/data=!4m7!3m6!1s0x304c99b1761e2e49:0xcca5770ca5667175!8m2!3d6.4400638!4d100.1985585!16s%2Fg%2F1pzvzztxx!19sChIJSS4edrGZTDARdXFmpQx3pcw?authuser=0&hl=en&rclk=1
ChIJd5AfoqiZTDARsgqun5FpmfI,The Kabin,FALSE,285,TRUE,,,,,,,,Restaurant,Restaurant,4,"The Kabin, lot 93, Jalan Kampung Bakau - Padang Behor, Kampung Bukit Lagi, 01000 Kangar, Perlis",https://www.google.com/maps/place/The+Kabin/data=!4m7!3m6!1s0x304c99a8a21f9077:0xf29969919fae0ab2!8m2!3d6.4329333!4d100.1979886!16s%2Fg%2F11hy_p8rlz!19sChIJd5AfoqiZTDARsgqun5FpmfI?authuser=0&hl=en&rclk=1
ChIJhTsX74ebTDARsA5ug9Kx7dU,Sadiah Cafe,FALSE,277,FALSE,,,,,,,,Restaurant,Restaurant,4.1,"Sadiah Cafe, Lot 843, Jalan Wang Ulu, 01000 Kangar, Perlis",https://www.google.com/maps/place/Sadiah+Cafe/data=!4m7!3m6!1s0x304c9b87ef173b85:0xd5edb1d2836e0eb0!8m2!3d6.4593246!4d100.1635164!16s%2Fg%2F11tb3r5l4w!19sChIJhTsX74ebTDARsA5ug9Kx7dU?authuser=0&hl=en&rclk=1
ChIJKfyjPYuXTDARwsBz75Ta_ek,D' Qrua Thai Cuisine,FALSE,256,TRUE,,,,,,,,Family restaurant,Family restaurant,4,"D' Qrua Thai Cuisine, Jalan Kaki Bukit, Kampung Padang Pauh, 01000 Kangar, Perlis",https://www.google.com/maps/place/D%27+Qrua+Thai+Cuisine/data=!4m7!3m6!1s0x304c978b3da3fc29:0xe9fdda94ef73c0c2!8m2!3d6.489722!4d100.2172601!16s%2Fg%2F11h0mjpj57!19sChIJKfyjPYuXTDARwsBz75Ta_ek?authuser=0&hl=en&rclk=1
ChIJMy-q50yYTDARmY_ZxpErx-8,Nasi Ganja Repoh (dekat RPA),FALSE,255,TRUE,,,,,,,,Restaurant,Restaurant,4.2,"Nasi Ganja Repoh (dekat RPA), 703A, Persiaran Jubli Emas, Kampung Tanjong Gorah, 01000 Kangar, Perlis",https://www.google.com/maps/place/Nasi+Ganja+Repoh+%28dekat+RPA%29/data=!4m7!3m6!1s0x304c984ce7aa2f33:0xefc72b91c6d98f99!8m2!3d6.4463781!4d100.2169422!16s%2Fg%2F11clvnh4vd!19sChIJMy-q50yYTDARmY_ZxpErx-8?authuser=0&hl=en&rclk=1
ChIJeSYdimmZTDARwils_Zz0HtM,Kedai Ikan Bakar Perlis Qaseh,FALSE,254,TRUE,,,,,,,,Seafood restaurant,Seafood restaurant,3.9,"Kedai Ikan Bakar Perlis Qaseh, Kampung Bintong, 01000 Kangar, Perlis",https://www.google.com/maps/place/Kedai+Ikan+Bakar+Perlis+Qaseh/data=!4m7!3m6!1s0x304c99698a1d2679:0xd31ef49cfd6c29c2!8m2!3d6.440834!4d100.1799485!16s%2Fg%2F11c32814cc!19sChIJeSYdimmZTDARwils_Zz0HtM?authuser=0&hl=en&rclk=1
ChIJJ6JYL2WbTDARzBQRHZJwMC0,Asputra Ikan Bakar Kuala Perlis,FALSE,207,FALSE,,,,,,,,Ikan bakar restaurant,Ikan bakar restaurant,4.3,"Asputra Ikan Bakar Kuala Perlis, Batu 6 3/4, Jalan Kuala Perlis, Pekan Kuala Perlis, 02000 Kuala Perlis, Perlis",https://www.google.com/maps/place/Asputra+Ikan+Bakar+Kuala+Perlis/data=!4m7!3m6!1s0x304c9b652f58a227:0x2d3070921d1114cc!8m2!3d6.3951237!4d100.137187!16s%2Fg%2F11fp1ds1xq!19sChIJJ6JYL2WbTDARzBQRHZJwMC0?authuser=0&hl=en&rclk=1
ChIJw3Rrh7ybTDARnGNDnf5in_4,Koria Restaurant,FALSE,201,TRUE,,,,,,,,Restaurant,Restaurant,3.9,"Koria Restaurant, 02000 Kuala Perlis, Perlis",https://www.google.com/maps/place/Koria+Restaurant/data=!4m7!3m6!1s0x304c9bbc876b74c3:0xfe9f62fe9d43639c!8m2!3d6.4182502!4d100.1394394!16s%2Fg%2F11c1l5qp_z!19sChIJw3Rrh7ybTDARnGNDnf5in_4?authuser=0&hl=en&rclk=1
ChIJTe6y0I-bTDARpsES6jhaC-I,Azrina Gulai Panas,FALSE,167,TRUE,,,,,,,,Restaurant,Restaurant,4.3,"Azrina Gulai Panas, 02000 Kuala Perlis, Perlis",https://www.google.com/maps/place/Azrina+Gulai+Panas/data=!4m7!3m6!1s0x304c9b8fd0b2ee4d:0xe20b5a38ea12c1a6!8m2!3d6.4025138!4d100.1388054!16s%2Fg%2F11ckr54b20!19sChIJTe6y0I-bTDARpsES6jhaC-I?authuser=0&hl=en&rclk=1
ChIJkUdjeHCcTDARi46mcKjKeNQ,Persisiran Pantai Kuala Perlis,FALSE,167,TRUE,,,,,,,,Restaurant,Restaurant,4.1,"94JQ+47 Persisiran Pantai Kuala Perlis, R152, 02000 Kuala Perlis, Perlis",https://www.google.com/maps/place/Persisiran+Pantai+Kuala+Perlis/data=!4m7!3m6!1s0x304c9c7078634791:0xd478caa870a68e8b!8m2!3d6.3840903!4d100.1367636!16s%2Fg%2F11c1tcvq9f!19sChIJkUdjeHCcTDARi46mcKjKeNQ?authuser=0&hl=en&rclk=1
ChIJiauS_YObTDAR2BaCHiM1bhg,Nur Kasih Restaurant,FALSE,163,FALSE,,,,,,,,Restaurant,Restaurant,4.2,"Nur Kasih Restaurant, 71, Jalan Siakap Satu, Pekan Kuala Perlis, 02000 Kuala Perlis, Perlis",https://www.google.com/maps/place/Nur+Kasih+Restaurant/data=!4m7!3m6!1s0x304c9b83fd92ab89:0x186e35231e8216d8!8m2!3d6.3977356!4d100.1332693!16s%2Fg%2F11cs3jr78t!19sChIJiauS_YObTDAR2BaCHiM1bhg?authuser=0&hl=en&rclk=1
ChIJTyHPyZGZTDARuydJffYf3cQ,Pelo Kitchen Yibin Food and Beverages,FALSE,150,TRUE,,,,,,,,Chinese restaurant,Chinese restaurant,4.3,"Kangar, Taman Pengkalan Asam, Jalan Kangar - Alor Setar, 315,Tingkat Bawah,Perlis 01000 Jia Yang Bo Li Shi Pelo Kitchen Yibin Food and BeveragesYou Zheng Bian Ma : 01000",https://www.google.com/maps/place/Pelo+Kitchen+Yibin+Food+and+Beverages/data=!4m7!3m6!1s0x304c9991c9cf214f:0xc4dd1ff67d4927bb!8m2!3d6.4347848!4d100.1877105!16s%2Fg%2F11ghnfzs27!19sChIJTyHPyZGZTDARuydJffYf3cQ?authuser=0&hl=en&rclk=1
ChIJyfqvkyWjTDARAGZOZYc5vvA,The Bunker,FALSE,148,TRUE,,,,,,,,Restaurant,Restaurant,4.1,"The Bunker, Lot 8330, Jalan, Kampung Batas Liku, Arau, 02600 Arau, Perlis",https://www.google.com/maps/place/The+Bunker/data=!4m7!3m6!1s0x304ca32593affac9:0xf0be3987654e6600!8m2!3d6.4446408!4d100.2648112!16s%2Fg%2F11kj_mfn93!19sChIJyfqvkyWjTDARAGZOZYc5vvA?authuser=0&hl=en&rclk=1
ChIJ2QLa_XWZTDARipPbXcyRjaU,Restaurant Idaman Ayu Ceria 2,FALSE,139,TRUE,,,,,,,,Thai restaurant,Thai restaurant,4,"Restaurant Idaman Ayu Ceria 2, Taman Mutiara, 01000 Kangar, Perlis",https://www.google.com/maps/place/Restaurant+Idaman+Ayu+Ceria+2/data=!4m7!3m6!1s0x304c9975fdda02d9:0xa58d91cc5ddb938a!8m2!3d6.4330984!4d100.1872687!16s%2Fg%2F11c30vd4yj!19sChIJ2QLa_XWZTDARipPbXcyRjaU?authuser=0&hl=en&rclk=1
ChIJrZmYip-ZTDAReepeAk2UcfI,Ah Beng Laksa,FALSE,136,FALSE,,,,,,,,Restaurant,"Restaurant, Chinese noodle restaurant",4.4,"Ah Beng Laksa, 145, Jalan Raja Syed Alwi, Taman Perlis, 01000 Kangar, Perlis",https://www.google.com/maps/place/Ah+Beng+Laksa/data=!4m7!3m6!1s0x304c999f8a9899ad:0xf271944d025eea79!8m2!3d6.4262622!4d100.1971054!16s%2Fg%2F1hg4y682z!19sChIJrZmYip-ZTDAReepeAk2UcfI?authuser=0&hl=en&rclk=1
ChIJ3bHlBp-ZTDARVXFwZliEq9w,Golden Triangle Seafood Restaurant,FALSE,130,TRUE,,,,,,,,Chinese restaurant,Chinese restaurant,4.1,"Golden Triangle Seafood Restaurant, 308, Jalan Kangar - Alor Setar, Taman Mutiara, 01000 Kangar, Perlis",https://www.google.com/maps/place/Golden+Triangle+Seafood+Restaurant/data=!4m7!3m6!1s0x304c999f06e5b1dd:0xdcab845866707155!8m2!3d6.4353221!4d100.1885366!16s%2Fg%2F11c6smwy88!19sChIJ3bHlBp-ZTDARVXFwZliEq9w?authuser=0&hl=en&rclk=1
ChIJxbaO96WZTDARes1CanETO1A,Noor Malabari,FALSE,109,TRUE,,,,,,,,Indian Muslim restaurant,Indian Muslim restaurant,4.3,"Noor Malabari, LOT 4968, Taman Ira, 01000 Kangar, Perlis",https://www.google.com/maps/place/Noor+Malabari/data=!4m7!3m6!1s0x304c99a5f78eb6c5:0x503b13716a42cd7a!8m2!3d6.4388632!4d100.2038205!16s%2Fg%2F11cnbw85vf!19sChIJxbaO96WZTDARes1CanETO1A?authuser=0&hl=en&rclk=1
ChIJYzbdn-2ZTDARgYWjzL3RA0M,Warung Balun,FALSE,107,TRUE,,,,,,,,Restaurant,Restaurant,4.1,"Warung Balun, 1f, Jalan Raja Syed Alwi, Pusat Bandar Kangar, 01000 Kangar, Perlis",https://www.google.com/maps/place/Warung+Balun/data=!4m7!3m6!1s0x304c99ed9fdd3663:0x4303d1bdcca38581!8m2!3d6.4350753!4d100.1961195!16s%2Fg%2F11qg1fmd96!19sChIJYzbdn-2ZTDARgYWjzL3RA0M?authuser=0&hl=en&rclk=1
ChIJR4ikeI6bTDARpyNVoTz2G2Y,Don Corner Sup Thai dan Laksa Kuala Perlis,FALSE,102,FALSE,,,,,,,,Cafe,"Cafe, Breakfast restaurant",4.2,"Don Corner Sup Thai dan Laksa Kuala Perlis, Jalan Bukit Kubu, Taman Peladang Jaya, 02000 Kuala Perlis, Perlis",https://www.google.com/maps/place/Don+Corner+Sup+Thai+dan+Laksa+Kuala+Perlis/data=!4m7!3m6!1s0x304c9b8e78a48847:0x661bf63ca15523a7!8m2!3d6.400626!4d100.142284!16s%2Fg%2F11dxg5w7vt!19sChIJR4ikeI6bTDARpyNVoTz2G2Y?authuser=0&hl=en&rclk=1
ChIJyc53VleZTDARDI02lzYx2tw,CHE TA CORNERS,FALSE,95,FALSE,,,,,,,,Restaurant,Restaurant,3.6,"CHE TA CORNERS, 2, Jalan Kangar - Alor Setar, Taman Jati Diri, 01000 Kangar, Perlis",https://www.google.com/maps/place/CHE+TA+CORNERS/data=!4m7!3m6!1s0x304c99575677cec9:0xdcda313697368d0c!8m2!3d6.4314548!4d100.1860039!16s%2Fg%2F11h70p5kbq!19sChIJyc53VleZTDARDI02lzYx2tw?authuser=0&hl=en&rclk=1
ChIJTdnmXL-ZTDARTV7Uc2mB7_8,Eighty Nine Celcius Perlis,FALSE,84,FALSE,,,,,,,,Western restaurant,"Western restaurant, Cafe, Caterer, Chicken restaurant",4.7,"Eighty Nine Celcius Perlis, 10, Jalan Kurong Batang, Kampung Telok Jambu, 01000 Kangar, Perlis",https://www.google.com/maps/place/Eighty+Nine+Celcius+Perlis/data=!4m7!3m6!1s0x304c99bf5ce6d94d:0xffef816973d45e4d!8m2!3d6.4522117!4d100.1782306!16s%2Fg%2F11t5qq6__0!19sChIJTdnmXL-ZTDARTV7Uc2mB7_8?authuser=0&hl=en&rclk=1
ChIJgWR0iaWZTDARmJvY7BWo5Ak,Fairy Le Phenomenal,FALSE,70,FALSE,,,,,,,,Restaurant,Restaurant,4.1,"Fairy Le Phenomenal, 1, Jalan Kangar - Alor Setar, Pusat Bandar Kangar, 01000 Kangar, Perlis",https://www.google.com/maps/place/Fairy+Le+Phenomenal/data=!4m7!3m6!1s0x304c99a589746481:0x9e4a815ecd89b98!8m2!3d6.4374902!4d100.1926298!16s%2Fg%2F11qn4z081c!19sChIJgWR0iaWZTDARmJvY7BWo5Ak?authuser=0&hl=en&rclk=1
ChIJCa2ZdGu9TDAR-fcgHJFCKis,Laman Kafe,FALSE,65,FALSE,,,,,,,,Restaurant,Restaurant,4.3,"Laman Kafe, 02500 Kangar, Perlis",https://www.google.com/maps/place/Laman+Kafe/data=!4m7!3m6!1s0x304cbd6b7499ad09:0x2b2a42911c20f7f9!8m2!3d6.4986505!4d100.2799911!16s%2Fg%2F11gf5s_bgp!19sChIJCa2ZdGu9TDAR-fcgHJFCKis?authuser=0&hl=en&rclk=1
ChIJV5lkcHGZTDARZP7jhzGiNPg,Nyorok cafe perlis,FALSE,65,FALSE,,,,,,,,Cafe,"Cafe, Breakfast restaurant, Diner",4,"Nyorok cafe perlis, Dataran dato sheikh ahmad, Jalan tun razak, 01000 Kangar, Perlis",https://www.google.com/maps/place/Nyorok+cafe+perlis/data=!4m7!3m6!1s0x304c997170649957:0xf834a23187e3fe64!8m2!3d6.4378739!4d100.1897428!16s%2Fg%2F11vc6mlbf4!19sChIJV5lkcHGZTDARZP7jhzGiNPg?authuser=0&hl=en&rclk=1
ChIJvUmJqYGbTDARJPFYzQVeY4c,"Medan Ikan Bakar, Jeti Kuala Perlis",FALSE,61,TRUE,,,,,,,,Restaurant,Restaurant,3.7,"Medan Ikan Bakar, Jeti Kuala Perlis, Pekan Kuala Perlis, 02000 Kuala Perlis, Perlis","https://www.google.com/maps/place/Medan+Ikan+Bakar,+Jeti+Kuala+Perlis/data=!4m7!3m6!1s0x304c9b81a98949bd:0x87635e05cd58f124!8m2!3d6.3984456!4d100.1295817!16s%2Fg%2F11dxkt3sj4!19sChIJvUmJqYGbTDARJPFYzQVeY4c?authuser=0&hl=en&rclk=1"
ChIJIXDexqGZTDAR-vIPUEMfhHs,Restaurant Ariffin,FALSE,61,TRUE,,,,,,,,Restaurant,Restaurant,4.3,"Restaurant Ariffin, 2-14, Jalan Seruling, Pusat Bandar Kangar, 01000 Kangar, Perlis",https://www.google.com/maps/place/Restaurant+Ariffin/data=!4m7!3m6!1s0x304c99a1c6de7021:0x7b841f43500ff2fa!8m2!3d6.4366593!4d100.1937408!16s%2Fg%2F11g7_b9ky4!19sChIJIXDexqGZTDAR-vIPUEMfhHs?authuser=0&hl=en&rclk=1
ChIJV1BMH4mZTDARLQxbGANBSWQ,Arab Kitchen Perlis,FALSE,53,FALSE,,,,,,,,Restaurant,"Restaurant, Family restaurant",3.8,"Arab Kitchen Perlis, Jalan Tuanku Syed Putra, Kampung Alor Pulai, 01000 Kangar, Perlis",https://www.google.com/maps/place/Arab+Kitchen+Perlis/data=!4m7!3m6!1s0x304c99891f4c5057:0x64494103185b0c2d!8m2!3d6.4159866!4d100.1835108!16s%2Fg%2F11k499sfvs!19sChIJV1BMH4mZTDARLQxbGANBSWQ?authuser=0&hl=en&rclk=1
ChIJ-7CgeFGZTDARwjDi8kz9V9w,Arang Kitchen,FALSE,52,FALSE,,,,,,,,Restaurant,Restaurant,4.6,"Arang Kitchen, 56, Jalan Sekolah Derma, Pusat Bandar Kangar, 01000 Kangar, Perlis",https://www.google.com/maps/place/Arang+Kitchen/data=!4m7!3m6!1s0x304c995178a0b0fb:0xdc57fd4cf2e230c2!8m2!3d6.4453733!4d100.1996677!16s%2Fg%2F11hzhf1mrn!19sChIJ-7CgeFGZTDARwjDi8kz9V9w?authuser=0&hl=en&rclk=1
ChIJw0InuYebTDARn8ZhGTXQfcw,MR CRAB (SHELLOUT & IKAN BAKAR),FALSE,49,FALSE,,,,,,,,Family restaurant,Family restaurant,4.7,"MR CRAB (SHELLOUT & IKAN BAKAR), UTC Food Cabin, Kampung Sena, 02000 Kangar, Perlis",https://www.google.com/maps/place/MR+CRAB+%28SHELLOUT+%26+IKAN+BAKAR%29/data=!4m7!3m6!1s0x304c9b87b92742c3:0xcc7dd0351961c69f!8m2!3d6.4363614!4d100.2012439!16s%2Fg%2F11pky3wzw8!19sChIJw0InuYebTDARn8ZhGTXQfcw?authuser=0&hl=en&rclk=1
ChIJfWu7TO6ZTDARLLz31l_QHJk,Riso Cafe,FALSE,45,FALSE,,,,,,,,Restaurant,Restaurant,3.2,"Riso Cafe, Lot 2247, Jalan Padang Behor, Kampung Padang Behor, 01000 Kangar, Perlis",https://www.google.com/maps/place/Riso+Cafe/data=!4m7!3m6!1s0x304c99ee4cbb6b7d:0x991cd05fd6f7bc2c!8m2!3d6.433587!4d100.2168718!16s%2Fg%2F11s5p7vf4p!19sChIJfWu7TO6ZTDARLLz31l_QHJk?authuser=0&hl=en&rclk=1
ChIJVwNvlW-cTDARarDLN2ejR0Q,"GERAI SELERA BAYU. persisiran tepi pantai kuala perlis,perlis.",FALSE,40,TRUE,,,,,,,,Restaurant,Restaurant,3.9,"GERAI SELERA BAYU. persisiran tepi pantai kuala perlis,perlis., R152, 02000 Kuala Perlis, Perlis","https://www.google.com/maps/place/GERAI+SELERA+BAYU.+persisiran+tepi+pantai+kuala+perlis,perlis./data=!4m7!3m6!1s0x304c9c6f956f0357:0x4447a36737cbb06a!8m2!3d6.3805072!4d100.1381161!16s%2Fg%2F11g8w9jmk6!19sChIJVwNvlW-cTDARarDLN2ejR0Q?authuser=0&hl=en&rclk=1"
ChIJWZMFnQ6ZTDARIVGr12uQV9s,Yun Nan Mian ,FALSE,40,FALSE,,,,,,,,Thai restaurant,Thai restaurant,4.2,"Yun Nan Mian , 23, Lorong Tiga, Taman Perlis, 01000 Kangar, Perlis",https://www.google.com/maps/place/%E4%BA%91%E5%8D%97%E9%9D%A2/data=!4m7!3m6!1s0x304c990e9d059359:0xdb57906bd7ab5121!8m2!3d6.4262495!4d100.1985397!16s%2Fg%2F11gdyx7zfk!19sChIJWZMFnQ6ZTDARIVGr12uQV9s?authuser=0&hl=en&rclk=1
ChIJLfO-xfyZTDARakrCjrkP8pA,Angellye Restaurant Ai Ge Lai Hai Xian Fan Dian ,FALSE,39,FALSE,,,,,,,,Chinese restaurant,Chinese restaurant,3.9,"Angellye Restaurant Ai Ge Lai Hai Xian Fan Dian , No 1, Lorong Satu, Taman Perlis, 01000 Kangar, Perlis",https://www.google.com/maps/place/Angellye+Restaurant+%E7%88%B1%E6%A0%BC%E6%9D%A5%E6%B5%B7%E9%B2%9C%E9%A5%AD%E5%BA%97/data=!4m7!3m6!1s0x304c99fcc5bef32d:0x90f20fb98ec24a6a!8m2!3d6.4273834!4d100.1991729!16s%2Fg%2F11nfcc3yjy!19sChIJLfO-xfyZTDARakrCjrkP8pA?authuser=0&hl=en&rclk=1
ChIJK7kRdV2jTDARJTAsMwiaRL4,Reyas Nasi Kandar,FALSE,38,FALSE,,,,,,,,Restaurant,"Restaurant, Indian Muslim restaurant",4.8,"Reyas Nasi Kandar, Jalan KTM, Arau, 02600 Arau, Perlis",https://www.google.com/maps/place/Reyas+Nasi+Kandar/data=!4m7!3m6!1s0x304ca35d7511b92b:0xbe449a08332c3025!8m2!3d6.4294573!4d100.2700809!16s%2Fg%2F11j4mgr71j!19sChIJK7kRdV2jTDARJTAsMwiaRL4?authuser=0&hl=en&rclk=1
ChIJi-4UEuaZTDARp43ilcfvjk8,A Jiu Mian Dang  Taman Perlis,FALSE,36,TRUE,,,,,,,,Restaurant,Restaurant,4,"A Jiu Mian Dang  Taman Perlis, 5, Lorong Dua, Taman Perlis, 01000 Kangar, Perlis",https://www.google.com/maps/place/%E9%98%BF%E4%B9%9D%E9%9D%A2%E6%A1%A3+Taman+Perlis/data=!4m7!3m6!1s0x304c99e61214ee8b:0x4f8eefc795e28da7!8m2!3d6.4271302!4d100.1990432!16s%2Fg%2F11jplxqkrn!19sChIJi-4UEuaZTDARp43ilcfvjk8?authuser=0&hl=en&rclk=1
ChIJu1q28JmZTDARc_ZJLJdEEv4,d'BANGSA port healing perlis,FALSE,33,FALSE,,,,,,,,Western restaurant,Western restaurant,4.5,"d'BANGSA port healing perlis, No 5, Jalan baru wang ulu, Kampung Telok Jambu, 01000 Kangar, Perlis",https://www.google.com/maps/place/d%27BANGSA+port+healing+perlis/data=!4m7!3m6!1s0x304c9999f0b65abb:0xfe1244972c49f673!8m2!3d6.4526425!4d100.1769914!16s%2Fg%2F11vdqckhds!19sChIJu1q28JmZTDARc_ZJLJdEEv4?authuser=0&hl=en&rclk=1
ChIJA_uXn4abTDARFNHufwhyGn4,Ikhwan Cafe & Catering,FALSE,30,FALSE,,,,,,,,Restaurant,Restaurant,4.6,"Ikhwan Cafe & Catering, 103-105, Jalan Siakap Satu, Pekan Kuala Perlis, 02000 Kuala Perlis, Perlis",https://www.google.com/maps/place/Ikhwan+Cafe+%26+Catering/data=!4m7!3m6!1s0x304c9b869f97fb03:0x7e1a72087feed114!8m2!3d6.3976437!4d100.1325609!16s%2Fg%2F11c5_4nd1r!19sChIJA_uXn4abTDARFNHufwhyGn4?authuser=0&hl=en&rclk=1
ChIJPZB9Iq-XTDARo483kNxWooA,A'AH WESTERN FOOD,FALSE,28,FALSE,,,,,,,,Restaurant,Restaurant,4.5,"A'AH WESTERN FOOD, Kampung Padang Pauh, 02400 Kangar, Perlis",https://www.google.com/maps/place/A%27AH+WESTERN+FOOD/data=!4m7!3m6!1s0x304c97af227d903d:0x80a256dc90378fa3!8m2!3d6.4896727!4d100.2176715!16s%2Fg%2F11fjt74xzw!19sChIJPZB9Iq-XTDARo483kNxWooA?authuser=0&hl=en&rclk=1
ChIJT2Innd6ZTDARHBmfjWUEQrk,Restoran Ismail,FALSE,28,TRUE,,,,,,,,Restaurant,Restaurant,3.5,"Restoran Ismail, 9, Persiaran Jubli Emas, Taman Suriani, 01000 Kangar, Perlis",https://www.google.com/maps/place/Restoran+Ismail/data=!4m7!3m6!1s0x304c99de9d27624f:0xb94204658d9f191c!8m2!3d6.4453259!4d100.2065788!16s%2Fg%2F11h90vcb4g!19sChIJT2Innd6ZTDARHBmfjWUEQrk?authuser=0&hl=en&rclk=1
ChIJ-yEQUISbTDARTXwPMWEFBg0,THAM MOTEL and Restoran. Tai Guo Zhu Chao Xiao Fan Zhong Xin ,FALSE,25,FALSE,,,,,,,,Thai restaurant,Thai restaurant,4.3,"THAM MOTEL and Restoran. Tai Guo Zhu Chao Xiao Fan Zhong Xin , 36, Jalan Miri, Taman Sentosa, 02000 Kuala Perlis, Perlis",https://www.google.com/maps/place/THAM+MOTEL+and+Restoran.+%E6%B3%B0%E5%9B%BD%E7%85%AE%E7%82%92%E5%B0%8F%E9%A5%AD%E4%B8%AD%E5%BF%83/data=!4m7!3m6!1s0x304c9b84501021fb:0xd060561310f7c4d!8m2!3d6.400654!4d100.1348406!16s%2Fg%2F11b6j4z9kj!19sChIJ-yEQUISbTDARTXwPMWEFBg0?authuser=0&hl=en&rclk=1
ChIJZ0bG8oWZTDARjRcZ7P4HCaU,mariammah curry house (maariymmaa krri viittttu caappaattu kttai),FALSE,20,FALSE,,,,,,,,Indian restaurant,Indian restaurant,4.3,"mariammah curry house (maariymmaa krri viittttu caappaattu kttai), 95, Jalan Jubli Perak, Kampung Bukit Lagi, 01000 Kangar, Perlis",https://www.google.com/maps/place/mariammah+curry+house+%28%E0%AE%AE%E0%AE%BE%E0%AE%B0%E0%AE%BF%E0%AE%AF%E0%AE%AE%E0%AF%8D%E0%AE%AE%E0%AE%BE+%E0%AE%95%E0%AE%B1%E0%AE%BF+%E0%AE%B5%E0%AF%80%E0%AE%9F%E0%AF%8D%E0%AE%9F%E0%AF%81+%E0%AE%9A%E0%AE%BE%E0%AE%AA%E0%AF%8D%E0%AE%AA%E0%AE%BE%E0%AE%9F%E0%AF%81+%E0%AE%95%E0%AE%9F%E0%AF%88%29/data=!4m7!3m6!1s0x304c9985f2c64667:0xa50907feec19178d!8m2!3d6.4359642!4d100.190698!16s%2Fg%2F11rr8xyxc4!19sChIJZ0bG8oWZTDARjRcZ7P4HCaU?authuser=0&hl=en&rclk=1
ChIJOeZSjJ-ZTDARMproieEoQM0,Razak Curry House,FALSE,17,TRUE,,,,,,,,Restaurant,Restaurant,4.7,"Razak Curry House, Pusat Bandar Kangar, 01000 Kangar, Perlis",https://www.google.com/maps/place/Razak+Curry+House/data=!4m7!3m6!1s0x304c999f8c52e639:0xcd4028e189e89a32!8m2!3d6.434989!4d100.1922132!16s%2Fg%2F11g8783xgp!19sChIJOeZSjJ-ZTDARMproieEoQM0?authuser=0&hl=en&rclk=1
ChIJ_e5q_t2bTDARvN60bFg-EVw,Choo Zhen Li,FALSE,15,TRUE,,,,,,,,Chinese restaurant,Chinese restaurant,5,"Choo Zhen Li, no 11c 263, 02000 Kuala Perlis, Perlis",https://www.google.com/maps/place/Choo+Zhen+Li/data=!4m7!3m6!1s0x304c9bddfe6aeefd:0x5c113e586cb4debc!8m2!3d6.3998363!4d100.1321903!16s%2Fg%2F11qscjmp7x!19sChIJ_e5q_t2bTDARvN60bFg-EVw?authuser=0&hl=en&rclk=1
ChIJNxlrW4abTDARPu5OxMs8Rj4,Kuala Perlis Seafood Restaurant,FALSE,11,TRUE,,,,,,,,Seafood restaurant,Seafood restaurant,5,"Kuala Perlis Seafood Restaurant, Jalan Kuala Perlis, Pekan Kuala Perlis, 02000, 01000 Kangar, Perlis",https://www.google.com/maps/place/Kuala+Perlis+Seafood+Restaurant/data=!4m7!3m6!1s0x304c9b865b6b1937:0x3e463ccbc44eee3e!8m2!3d6.3960509!4d100.1345165!16s%2Fg%2F11j34h9s2h!19sChIJNxlrW4abTDARPu5OxMs8Rj4?authuser=0&hl=en&rclk=1
ChIJA-e_50ejTDARHLfsHh8TIOk,Lily Mee Li Li Mian Guan Zhi Jia ,FALSE,11,TRUE,,,,,,,,Chinese restaurant,Chinese restaurant,5,"Lily Mee Li Li Mian Guan Zhi Jia , 7, Jalan Dua Puluh Lima, Kampung Padang Siding, 02600 Arau, Perlis",https://www.google.com/maps/place/Lily+Mee+%E4%B8%BD%E4%B8%BD%E9%9D%A2%E9%A6%86%E4%B9%8B%E5%AE%B6/data=!4m7!3m6!1s0x304ca347e7bfe703:0xe920131f1eecb71c!8m2!3d6.4424857!4d100.3037559!16s%2Fg%2F11sz975qw7!19sChIJA-e_50ejTDARHLfsHh8TIOk?authuser=0&hl=en&rclk=1
ChIJO2MAYHibTDARCHLaLTJy3Dg,Selera Perlis,FALSE,8,TRUE,,,,,,,,Restaurant,Restaurant,3.4,"Selera Perlis, Pekan Kuala Perlis, 02000 Kuala Perlis, Perlis",https://www.google.com/maps/place/Selera+Perlis/data=!4m7!3m6!1s0x304c9b786000633b:0x38dc72322dda7208!8m2!3d6.3966278!4d100.1350948!16s%2Fg%2F11h6thyd7k!19sChIJO2MAYHibTDARCHLaLTJy3Dg?authuser=0&hl=en&rclk=1
ChIJX2H3uv2bTDARW5OQOp3wOtc,Kedai Makan Cik Wan Taman Sejahtera Kuala Perlis,FALSE,7,FALSE,,,,,,,,Restaurant,Restaurant,4.7,"Kedai Makan Cik Wan Taman Sejahtera Kuala Perlis, 1, Jln Sejahtera 4, Taman Sejahtera, 02000 Kuala Perlis, Perlis",https://www.google.com/maps/place/Kedai+Makan+Cik+Wan+Taman+Sejahtera+Kuala+Perlis/data=!4m7!3m6!1s0x304c9bfdbaf7615f:0xd73af09d3a90935b!8m2!3d6.417193!4d100.136649!16s%2Fg%2F11lk0zh5b2!19sChIJX2H3uv2bTDARW5OQOp3wOtc?authuser=0&hl=en&rclk=1
ChIJz7bNSSijTDARZ8bpwtFo-W4,Mine's Kitchen (Western & Thai Food),FALSE,7,TRUE,,,,,,,,Family restaurant,Family restaurant,4.6,"Mine's Kitchen (Western & Thai Food), 02600, Pauh, 02600 Arau, Perlis",https://www.google.com/maps/place/Mine%27s+Kitchen+%28Western+%26+Thai+Food%29/data=!4m7!3m6!1s0x304ca32849cdb6cf:0x6ef968d1c2e9c667!8m2!3d6.4348765!4d100.298779!16s%2Fg%2F11s8bf6hkf!19sChIJz7bNSSijTDARZ8bpwtFo-W4?authuser=0&hl=en&rclk=1
ChIJubky0UOZTDARKbyLTXHfVcU,Ohana Kitchen,FALSE,7,FALSE,,,,,,,,Restaurant,Restaurant,3.6,"GERAI NO, Ohana Kitchen, 3, Jalan Lencongan Dua, Pusat Bandar Kangar, 01000 Kangar, Perlis",https://www.google.com/maps/place/Ohana+Kitchen/data=!4m7!3m6!1s0x304c9943d132b9b9:0xc555df714d8bbc29!8m2!3d6.440297!4d100.1960031!16s%2Fg%2F11n92wymgx!19sChIJubky0UOZTDARKbyLTXHfVcU?authuser=0&hl=en&rclk=1
ChIJO5AXCoGbTDARbwhtQrE_p1c,Restaurant,FALSE,7,TRUE,,,,,,,,Restaurant,Restaurant,3.9,"Restaurant, Pekan Kuala Perlis, 02000 Kuala Perlis, Perlis",https://www.google.com/maps/place/Restaurant/data=!4m7!3m6!1s0x304c9b810a17903b:0x57a73fb1426d086f!8m2!3d6.3962915!4d100.1283945!16s%2Fg%2F12qfc_74n!19sChIJO5AXCoGbTDARbwhtQrE_p1c?authuser=0&hl=en&rclk=1
ChIJb8qdlU6ZTDARRIz5eVTDLHs,Adam Bistro Western Kangar,FALSE,6,FALSE,,,,,,,,Restaurant,Restaurant,3.7,"Adam Bistro Western Kangar, Jalan Kampung Baru, Kampung Baharu, 01000 Kangar, Perlis",https://www.google.com/maps/place/Adam+Bistro+Western+Kangar/data=!4m7!3m6!1s0x304c994e959dca6f:0x7b2cc35479f98c44!8m2!3d6.4543089!4d100.2064664!16s%2Fg%2F11swmc4zmd!19sChIJb8qdlU6ZTDARRIz5eVTDLHs?authuser=0&hl=en&rclk=1
ChIJp07_Ly2ZTDARnLRXasKdcSQ,Kak Som Corner ( Malay Thai Cuisine ),FALSE,6,TRUE,,,,,,,,Thai restaurant,Thai restaurant,4.7,"Kak Som Corner ( Malay Thai Cuisine ), 28, Jalan Raja Syed Saffi, Kampung Bintong, 01000 Kangar, Perlis",https://www.google.com/maps/place/Kak+Som+Corner+%28+Malay+Thai+Cuisine+%29/data=!4m7!3m6!1s0x304c992d2fff4ea7:0x24719dc26a57b49c!8m2!3d6.4405708!4d100.1799703!16s%2Fg%2F11s2ppfl9x!19sChIJp07_Ly2ZTDARnLRXasKdcSQ?authuser=0&hl=en&rclk=1
ChIJHQPTZ-mZTDARLFQSKzNvye0,Restoran Khun Thai - Thailand Cuisine,FALSE,6,TRUE,,,,,,,,Thai restaurant,Thai restaurant,4.2,"Restoran Khun Thai - Thailand Cuisine, PT5152, Jalan Raja Syed Alwi, Kampung Padang Bakau, 01000 Kangar, Perlis",https://www.google.com/maps/place/Restoran+Khun+Thai+-+Thailand+Cuisine/data=!4m7!3m6!1s0x304c99e967d3031d:0xedc96f332b12542c!8m2!3d6.4340437!4d100.1966565!16s%2Fg%2F11v9_s04nb!19sChIJHQPTZ-mZTDARLFQSKzNvye0?authuser=0&hl=en&rclk=1
ChIJ7bSOLMm9TDARhfeMUCvupVI,Warung Tepi Bendang,FALSE,6,TRUE,,,,,,,,Asian restaurant,Asian restaurant,3.5,"F7QC+WJ Warung Tepi Bendang, 02500 Kangar, Perlis",https://www.google.com/maps/place/Warung+Tepi+Bendang/data=!4m7!3m6!1s0x304cbdc92c8eb4ed:0x52a5ee2b508cf785!8m2!3d6.4891649!4d100.2726041!16s%2Fg%2F11rv5cvq5d!19sChIJ7bSOLMm9TDARhfeMUCvupVI?authuser=0&hl=en&rclk=1
ChIJ4ZSoWQSbTDARB4E4zfYMpck,Bahagia cafe 2,FALSE,5,TRUE,,,,,,,,Restaurant,Restaurant,4.4,"Bahagia cafe 2, 21, 263, Pekan Kuala Perlis, 02000 Kuala Perlis, Perlis",https://www.google.com/maps/place/Bahagia+cafe+2/data=!4m7!3m6!1s0x304c9b0459a894e1:0xc9a50cf6cd388107!8m2!3d6.3963223!4d100.133313!16s%2Fg%2F11n63jfjfq!19sChIJ4ZSoWQSbTDARB4E4zfYMpck?authuser=0&hl=en&rclk=1
ChIJ9bf-jISZTDARjZ5cMBqqCY4,Mr Western & Malay Food,FALSE,5,FALSE,,,,,,,,Western restaurant,Western restaurant,3.8,"C52G+F8 Mr Western & Malay Food, 02000 Kuala Perlis, Perlis",https://www.google.com/maps/place/Mr+Western+%26+Malay+Food/data=!4m7!3m6!1s0x304c99848cfeb7f5:0x8e09aa1a305c9e8d!8m2!3d6.4012573!4d100.1757807!16s%2Fg%2F11t5wvbv4w!19sChIJ9bf-jISZTDARjZ5cMBqqCY4?authuser=0&hl=en&rclk=1
ChIJ6Qj8O_qZTDARqlA4bud30UU,Ton's Kitchen,FALSE,5,FALSE,,,,,,,,Restaurant,"Restaurant, Western restaurant",2.8,"Ton's Kitchen, Lot 139 C, Kg Tanjung Buluh, 01000 Kangar, Perlis",https://www.google.com/maps/place/Ton%27s+Kitchen/data=!4m7!3m6!1s0x304c99fa3bfc08e9:0x45d177e76e3850aa!8m2!3d6.4020554!4d100.1772481!16s%2Fg%2F11lkjr14zx!19sChIJ6Qj8O_qZTDARqlA4bud30UU?authuser=0&hl=en&rclk=1
ChIJZ7jjy7KbTDARlV_2S1oVu54,"BRIYANI AJUN( ANEKA ROTI, WESTERN, NASI SET )",FALSE,3,FALSE,,,,,,,,Family restaurant,Family restaurant,5,"BRIYANI AJUN( ANEKA ROTI, WESTERN, NASI SET ), 11, Kampung Telok, 02000 Kuala Perlis, Perlis","https://www.google.com/maps/place/BRIYANI+AJUN%28+ANEKA+ROTI,+WESTERN,+NASI+SET+%29/data=!4m7!3m6!1s0x304c9bb2cbe3b867:0x9ebb155a4bf65f95!8m2!3d6.393195!4d100.1566666!16s%2Fg%2F11kc61lhyf!19sChIJZ7jjy7KbTDARlV_2S1oVu54?authuser=0&hl=en&rclk=1"
ChIJT4KBGISbTDARq9tYdh2jIbw,Huang Cheng Cafe,FALSE,3,TRUE,,,,,,,,Restaurant,Restaurant,4.7,"Huang Cheng Cafe, Pekan Kuala Perlis, 02000 Kuala Perlis, Perlis",https://www.google.com/maps/place/Huang+Cheng+Cafe/data=!4m7!3m6!1s0x304c9b841881824f:0xbc21a31d7658dbab!8m2!3d6.3978857!4d100.1328876!16s%2Fg%2F11c5xvwl4_!19sChIJT4KBGISbTDARq9tYdh2jIbw?authuser=0&hl=en&rclk=1
ChIJIw0GEbuZTDARkVs8Dg0n-58,Kuala Perlis Laksa House,FALSE,3,TRUE,,,,,,,,Malay Restaurant,Malay Restaurant,3.7,"Kuala Perlis Laksa House, Taman Indra, 01000 Kangar, Perlis",https://www.google.com/maps/place/Kuala+Perlis+Laksa+House/data=!4m7!3m6!1s0x304c99bb11060d23:0x9ffb270d0e3c5b91!8m2!3d6.4455152!4d100.200233!16s%2Fg%2F1pztywwgl!19sChIJIw0GEbuZTDARkVs8Dg0n-58?authuser=0&hl=en&rclk=1
ChIJQUGIa4WbTDARHJvNtjJPpPU,Te Chang You Tiao Wang Enterprise,FALSE,3,TRUE,,,,,,,,Chinese restaurant,Chinese restaurant,3.7,"Te Chang You Tiao Wang Enterprise, 76, Jalan Sarawak, Pekan Kuala Perlis, 02000 Kuala Perlis, Perlis",https://www.google.com/maps/place/Te+Chang+You+Tiao+Wang+Enterprise/data=!4m7!3m6!1s0x304c9b856b884141:0xf5a44f32b6cd9b1c!8m2!3d6.4013901!4d100.1356244!16s%2Fg%2F11r8r9nly!19sChIJQUGIa4WbTDARHJvNtjJPpPU?authuser=0&hl=en&rclk=1
ChIJ5TxeN2aZTDARPJdFCBhjRxw,Mimi Kitchen Perlis,FALSE,2,TRUE,,,,,,,,Restaurant,Restaurant,5,"Mimi Kitchen Perlis, Unnamed Road, Kampung Baharu, 01000 Kangar, Perlis",https://www.google.com/maps/place/Mimi+Kitchen+Perlis/data=!4m7!3m6!1s0x304c9966375e3ce5:0x1c4763180845973c!8m2!3d6.4545276!4d100.2066426!16s%2Fg%2F11hzjgtkyz!19sChIJ5TxeN2aZTDARPJdFCBhjRxw?authuser=0&hl=en&rclk=1
ChIJSXPKhWGZTDARjlexFlnbiWk,Anas BBQ & GRILL,FALSE,1,TRUE,,,,,,,,Restaurant,Restaurant,5,"Anas BBQ & GRILL, Jalan Kaki Bukit, Taman Salang Indah, 01000 Kangar, Perlis",https://www.google.com/maps/place/Anas+BBQ+%26+GRILL/data=!4m7!3m6!1s0x304c996185ca7349:0x6989db5916b1578e!8m2!3d6.46797!4d100.21115!16s%2Fg%2F11hz3hslmf!19sChIJSXPKhWGZTDARjlexFlnbiWk?authuser=0&hl=en&rclk=1
ChIJPQ9UKpCXTDARrhqkfGYtEls,Gerai MPK Perlis,FALSE,1,TRUE,,,,,,,,Malay Restaurant,Malay Restaurant,5,"Gerai MPK Perlis, 2409, Jalan Rambutan, Taman Bunga Selasih, 02500 Kangar, Perlis",https://www.google.com/maps/place/Gerai+MPK+Perlis/data=!4m7!3m6!1s0x304c97902a540f3d:0x5b122d667ca41aae!8m2!3d6.4762834!4d100.2588159!16s%2Fg%2F11t5jg4fnd!19sChIJPQ9UKpCXTDARrhqkfGYtEls?authuser=0&hl=en&rclk=1
ChIJ571HYnmZTDAR9ioedUZeSK4,LAKSA GUA SAMI LEGEND,FALSE,1,TRUE,,,,,,,,Restaurant,Restaurant,5,"LAKSA GUA SAMI LEGEND, 262, Kampung Batu Hampar, 01000 Kangar, Perlis",https://www.google.com/maps/place/LAKSA+GUA+SAMI+LEGEND/data=!4m7!3m6!1s0x304c99796247bde7:0xae485e46751e2af6!8m2!3d6.412322!4d100.1928385!16s%2Fg%2F11tfv02kdj!19sChIJ571HYnmZTDAR9ioedUZeSK4?authuser=0&hl=en&rclk=1
ChIJ3bmYsraZTDARBNwhwt9HM9A,MAMU PULUT UDANG ORI PERLIS,FALSE,1,TRUE,,,,,,,,Asian restaurant,Asian restaurant,5,"MAMU PULUT UDANG ORI PERLIS, Kampung Alor Pulai, 01000 Kangar, Perlis",https://www.google.com/maps/place/MAMU+PULUT+UDANG+ORI+PERLIS/data=!4m7!3m6!1s0x304c99b6b298b9dd:0xd03347dfc221dc04!8m2!3d6.4195762!4d100.1839018!16s%2Fg%2F11rmn9pkj3!19sChIJ3bmYsraZTDARBNwhwt9HM9A?authuser=0&hl=en&rclk=1
ChIJkSAXxVyZTDAR5nY4wlP0g0c,D'LUNCH WARUNG MASAKAN KAMPUNG,FALSE,0,TRUE,,,,,,,,Brunch restaurant,Brunch restaurant,0,"D'LUNCH WARUNG MASAKAN KAMPUNG, Jalan seriab Kg batu hampar, 01000 Kangar, Perlis",https://www.google.com/maps/place/D%27LUNCH+WARUNG+MASAKAN+KAMPUNG/data=!4m7!3m6!1s0x304c995cc5172091:0x4783f453c23876e6!8m2!3d6.4140389!4d100.1857823!16s%2Fg%2F11vbwrvs30!19sChIJkSAXxVyZTDAR5nY4wlP0g0c?authuser=0&hl=en&rclk=1
ChIJxQddgDKZTDARvTUUKV4UMX0,Damai Corner Padang Katong,FALSE,0,TRUE,,,,,,,,Restaurant,Restaurant,0,"Damai Corner Padang Katong, R113, 01000 Kangar, Perlis",https://www.google.com/maps/place/Damai+Corner+Padang+Katong/data=!4m7!3m6!1s0x304c9932805d07c5:0x7d31145e291435bd!8m2!3d6.4440503!4d100.1865655!16s%2Fg%2F11q2y1k2tk!19sChIJxQddgDKZTDARvTUUKV4UMX0?authuser=0&hl=en&rclk=1
ChIJpxMO1gabTDARQRtfmEfTOOM,Ng Ben Kee Mee Stall,FALSE,0,TRUE,,,,,,,,Chinese restaurant,Chinese restaurant,0,"Ng Ben Kee Mee Stall, 30, Jalan Besar, Pekan Kuala Perlis, 02000 Kuala Perlis, Perlis",https://www.google.com/maps/place/Ng+Ben+Kee+Mee+Stall/data=!4m7!3m6!1s0x304c9b06d60e13a7:0xe338d347985f1b41!8m2!3d6.3996054!4d100.1327089!16s%2Fg%2F11rz4ymjkp!19sChIJpxMO1gabTDARQRtfmEfTOOM?authuser=0&hl=en&rclk=1
ChIJazAGEbuZTDARQE3aA3k2rik,Soo Guan Restaurant,FALSE,0,TRUE,,,,,,,,Restaurant,Restaurant,0,"Soo Guan Restaurant, Jalan Besar Kangar, 01000, Kangar, Perlis, 01000",https://www.google.com/maps/place/Soo+Guan+Restaurant/data=!4m7!3m6!1s0x304c99bb1106306b:0x29ae367903da4d40!8m2!3d6.445521!4d100.200229!16s%2Fg%2F1ptxgxpvl!19sChIJazAGEbuZTDARQE3aA3k2rik?authuser=0&hl=en&rclk=1
ChIJC3rFOIabTDARmwFqP6X7FRc,Shao Yu Dian ,FALSE,0,TRUE,,,,,,,,Restaurant,Restaurant,0,"Shao Yu Dian , 12, Jalan Sarawak, Taman Sentosa, 02000 Kuala Perlis, Perlis",https://www.google.com/maps/place/%E7%83%A7%E9%B1%BC%E5%BA%97/data=!4m7!3m6!1s0x304c9b8638c57a0b:0x1715fba53f6a019b!8m2!3d6.4005107!4d100.1338366!16s%2Fg%2F11fm1x_fyc!19sChIJC3rFOIabTDARmwFqP6X7FRc?authuser=0&hl=en&rclk=1
